{
  "best": "/kaggle/working/experiments/skyfusion/srw_only_p3_seed0/weights/best.pt",
  "epoch": 100.0,
  "fitness": 0.36226,
  "last": "/kaggle/working/experiments/skyfusion/srw_only_p3_seed0/weights/last.pt",
  "lr/pg0": 2.84371e-05,
  "lr/pg1": 2.84371e-05,
  "lr/pg2": 2.84371e-05,
  "metrics/mAP50(B)": 0.66477,
  "metrics/mAP50-95(B)": 0.36226,
  "metrics/precision(B)": 0.70896,
  "metrics/recall(B)": 0.67117,
  "results_csv_last_row": {
    "epoch": 100.0,
    "lr/pg0": 2.84371e-05,
    "lr/pg1": 2.84371e-05,
    "lr/pg2": 2.84371e-05,
    "metrics/mAP50(B)": 0.66477,
    "metrics/mAP50-95(B)": 0.36226,
    "metrics/precision(B)": 0.70896,
    "metrics/recall(B)": 0.67117,
    "time": 4374.44,
    "train/box_loss": 1.32355,
    "train/cls_loss": 0.56101,
    "train/dfl_loss": 0.87267,
    "val/box_loss": 1.36958,
    "val/cls_loss": 0.62751,
    "val/dfl_loss": 0.91797
  },
  "save_dir": "/kaggle/working/experiments/skyfusion/srw_only_p3_seed0",
  "srw_debug": {
    "alpha": 0.7707427144050598,
    "gate_c_mean": 0.50439453125,
    "gate_c_std": 0.1776123046875,
    "gate_s_mean": 0.75439453125,
    "gate_s_std": 0.0958251953125,
    "saliency_mean": 0.72900390625,
    "saliency_std": 0.280517578125
  },
  "time": 4374.44,
  "train/box_loss": 1.32355,
  "train/cls_loss": 0.56101,
  "train/dfl_loss": 0.87267,
  "val/box_loss": 1.36958,
  "val/cls_loss": 0.62751,
  "val/dfl_loss": 0.91797
}
