{
  "best": "/kaggle/working/experiments/skyfusion/srw_lsal_p3_mse_seed0/weights/best.pt",
  "epoch": 100.0,
  "fitness": 0.36117,
  "last": "/kaggle/working/experiments/skyfusion/srw_lsal_p3_mse_seed0/weights/last.pt",
  "lr/pg0": 2.84371e-05,
  "lr/pg1": 2.84371e-05,
  "lr/pg2": 2.84371e-05,
  "metrics/mAP50(B)": 0.66081,
  "metrics/mAP50-95(B)": 0.36117,
  "metrics/precision(B)": 0.72818,
  "metrics/recall(B)": 0.6651,
  "results_csv_last_row": {
    "epoch": 100.0,
    "lr/pg0": 2.84371e-05,
    "lr/pg1": 2.84371e-05,
    "lr/pg2": 2.84371e-05,
    "metrics/mAP50(B)": 0.66081,
    "metrics/mAP50-95(B)": 0.36117,
    "metrics/precision(B)": 0.72818,
    "metrics/recall(B)": 0.6651,
    "time": 9203.01,
    "train/box_loss": 1.32839,
    "train/cls_loss": 0.56592,
    "train/dfl_loss": 0.87226,
    "train/sal_loss": 0.00058,
    "train/teacher_sal_loss": 0.0,
    "val/box_loss": 1.38037,
    "val/cls_loss": 0.63385,
    "val/dfl_loss": 0.91798,
    "val/sal_loss": 0.00071,
    "val/teacher_sal_loss": 0.0
  },
  "save_dir": "/kaggle/working/experiments/skyfusion/srw_lsal_p3_mse_seed0",
  "srw_debug": {
    "alpha": 0.3399412930011749,
    "gate_c_mean": 0.490478515625,
    "gate_c_std": 0.1236572265625,
    "gate_s_mean": 0.56982421875,
    "gate_s_std": 0.0246124267578125,
    "saliency_max": 0.9736328125,
    "saliency_mean": 0.044219970703125,
    "saliency_min": 2.384185791015625e-07,
    "saliency_std": 0.11077880859375
  },
  "time": 9203.01,
  "train/box_loss": 1.32839,
  "train/cls_loss": 0.56592,
  "train/dfl_loss": 0.87226,
  "train/sal_loss": 0.00058,
  "train/teacher_sal_loss": 0.0,
  "val/box_loss": 1.38037,
  "val/cls_loss": 0.63385,
  "val/dfl_loss": 0.91798,
  "val/sal_loss": 0.00071,
  "val/teacher_sal_loss": 0.0
}
