{
  "mode": "synthetic",
  "feature_shape": [
    2,
    256,
    80,
    80
  ],
  "saliency_shape": [
    2,
    1,
    80,
    80
  ],
  "output_shape": [
    2,
    256,
    80,
    80
  ],
  "gate_s_range": [
    0.6299425959587097,
    0.7700008749961853
  ],
  "gate_c_range": [
    0.4348255693912506,
    0.5629514455795288
  ],
  "alpha": 0.10000000149011612,
  "feature_grad_norm": 0.0005715782172046602
}
