{
  "best": "/kaggle/working/experiments/skyfusion/baseline_yolov8s/weights/best.pt",
  "epoch": 100.0,
  "fitness": 0.3590630766029834,
  "last": "/kaggle/working/experiments/skyfusion/baseline_yolov8s/weights/last.pt",
  "lr/pg0": 2.84371e-05,
  "lr/pg1": 2.84371e-05,
  "lr/pg2": 2.84371e-05,
  "metrics/mAP50(B)": 0.6571569317428887,
  "metrics/mAP50-95(B)": 0.3590630766029834,
  "metrics/precision(B)": 0.707891951546387,
  "metrics/recall(B)": 0.667078505318858,
  "results_csv_last_row": {
    "epoch": 100.0,
    "lr/pg0": 2.84371e-05,
    "lr/pg1": 2.84371e-05,
    "lr/pg2": 2.84371e-05,
    "metrics/mAP50(B)": 0.65882,
    "metrics/mAP50-95(B)": 0.35793,
    "metrics/precision(B)": 0.71249,
    "metrics/recall(B)": 0.66624,
    "time": 4176.25,
    "train/box_loss": 1.32791,
    "train/cls_loss": 0.56467,
    "train/dfl_loss": 0.87095,
    "val/box_loss": 1.37382,
    "val/cls_loss": 0.63056,
    "val/dfl_loss": 0.917
  },
  "save_dir": "/kaggle/working/experiments/skyfusion/baseline_yolov8s",
  "time": 4176.25,
  "train/box_loss": 1.32791,
  "train/cls_loss": 0.56467,
  "train/dfl_loss": 0.87095,
  "val/box_loss": 1.37382,
  "val/cls_loss": 0.63056,
  "val/dfl_loss": 0.917
}
